title,summary,link,source,published
"JPMorgan Chase & Co. (NYSE:JPM) Stock Price Expected to Rise, Bank of America Analyst Says - MarketBeat","<a href=""https://news.google.com/rss/articles/CBMi0wFBVV95cUxNY3FOck0yVFZjSWxsbGtoNDIyX1hValhwbHBuSlFMeTBGMUx2dnBGWUx1SUZxa0pYTWZTZ2RrV3g5aDViTXJHV2J2WmR0UjB3YW9rbmNZNnJtdGRXX0ZscU14RXFvQUJvRHBCMmFETWlWNjlmS1l6dlJPU0pTa2N0cTVkWkc1aUNpMDFoU1VIcHE3VnJlTXJ1ZG56RDNzdGJJaTJrR0Y5LV84cWNaVUh5NkpvVTdSb0lIc2IwMkJnRjk2V21Fd19sLS1MRjhaYXVsUXFJ?oc=5"" target=""_blank"">JPMorgan Chase & Co. (NYSE:JPM) Stock Price Expected to Rise, Bank of America Analyst Says</a>&nbsp;&nbsp;<font color=""#6f6f6f"">MarketBeat</font>",https://news.google.com/rss/articles/CBMi0wFBVV95cUxNY3FOck0yVFZjSWxsbGtoNDIyX1hValhwbHBuSlFMeTBGMUx2dnBGWUx1SUZxa0pYTWZTZ2RrV3g5aDViTXJHV2J2WmR0UjB3YW9rbmNZNnJtdGRXX0ZscU14RXFvQUJvRHBCMmFETWlWNjlmS1l6dlJPU0pTa2N0cTVkWkc1aUNpMDFoU1VIcHE3VnJlTXJ1ZG56RDNzdGJJaTJrR0Y5LV84cWNaVUh5NkpvVTdSb0lIc2IwMkJnRjk2V21Fd19sLS1MRjhaYXVsUXFJ?oc=5,Google News,"Wed, 18 Jun 2025 14:33:49 GMT"
JPMorgan Chase (JPM): Analyst Raises Price Target to $325 | JPM Stock News - GuruFocus,"<a href=""https://news.google.com/rss/articles/CBMi8gFBVV95cUxPUkxLcHZpaWJBOXptNUU1MHFLWHY5U2Z0YzBsMmZQNzBFVlVsQi1Tanp0Rmp6eEpiLXc3bTFSUDI1U192NzdVZGZfWGtNVG5qTDZpLWhIQm9lMFByUFNjR1dncEZxWHh0UjN0OFF5ZjFIUzVkVzZ0Y2VLV1F4cXp5NEJVWmpuUVNOZHBHRXBZQnJHRVFwOWZJMXk2d1BOMzR0VVVWV2FiWUZHLTZFaU9aN2NHNU9xazNFc2twZUVfTW1IUVdzT05GQ3EtX3F1dDdrUDVaNmpTcno0b3ZXamw4TDRwU3hheUtpRTd6MnZIT2Nzdw?oc=5"" target=""_blank"">JPMorgan Chase (JPM): Analyst Raises Price Target to $325 | JPM Stock News</a>&nbsp;&nbsp;<font color=""#6f6f6f"">GuruFocus</font>",https://news.google.com/rss/articles/CBMi8gFBVV95cUxPUkxLcHZpaWJBOXptNUU1MHFLWHY5U2Z0YzBsMmZQNzBFVlVsQi1Tanp0Rmp6eEpiLXc3bTFSUDI1U192NzdVZGZfWGtNVG5qTDZpLWhIQm9lMFByUFNjR1dncEZxWHh0UjN0OFF5ZjFIUzVkVzZ0Y2VLV1F4cXp5NEJVWmpuUVNOZHBHRXBZQnJHRVFwOWZJMXk2d1BOMzR0VVVWV2FiWUZHLTZFaU9aN2NHNU9xazNFc2twZUVfTW1IUVdzT05GQ3EtX3F1dDdrUDVaNmpTcno0b3ZXamw4TDRwU3hheUtpRTd6MnZIT2Nzdw?oc=5,Google News,"Wed, 18 Jun 2025 14:32:14 GMT"
JPMorganChase Declares Preferred Stock Dividends - Business Wire,"<a href=""https://news.google.com/rss/articles/CBMiqAFBVV95cUxPQ2xxNkVxaFRQRVhGazJscHJsalNvOFJjQ2Q2aUt4S3RSa0tQYVJ3XzczUVpqZmRIUm40Q3FBSUZrbFcxUzN0YmptX1JvdG5XcGl0RERPemRqdU1VRmJwSDd4T1pOQ0lxRnJmcXZCN3k2ZU1WQ1dvNkdqaDZMZGJiR1FObHF2NXM4aXpjZlhiSVBkTGx6WmpSZXFpS0t4ZUlnWWxOa1JRemY?oc=5"" target=""_blank"">JPMorganChase Declares Preferred Stock Dividends</a>&nbsp;&nbsp;<font color=""#6f6f6f"">Business Wire</font>",https://news.google.com/rss/articles/CBMiqAFBVV95cUxPQ2xxNkVxaFRQRVhGazJscHJsalNvOFJjQ2Q2aUt4S3RSa0tQYVJ3XzczUVpqZmRIUm40Q3FBSUZrbFcxUzN0YmptX1JvdG5XcGl0RERPemRqdU1VRmJwSDd4T1pOQ0lxRnJmcXZCN3k2ZU1WQ1dvNkdqaDZMZGJiR1FObHF2NXM4aXpjZlhiSVBkTGx6WmpSZXFpS0t4ZUlnWWxOa1JRemY?oc=5,Google News,"Fri, 13 Jun 2025 20:35:00 GMT"
Is Trending Stock JPMorgan Chase & Co. (JPM) a Buy Now? - Yahoo Finance,"<a href=""https://news.google.com/rss/articles/CBMihAFBVV95cUxPQlc0d2NXN2ZjWG9PdkNtTldLcGtibEJzVnR2WG1FNlgtdEM5eUxWMEVZYU1LZy02akxhMTRGTjQ1NTFVTHBXQWZlOENjZ3VuX1cxNGJwU2NvejRsckFtenNyRmV5QmhhOTRlanZMSy1fVk1Na3NrQ2FRWWltR2dGck1yYko?oc=5"" target=""_blank"">Is Trending Stock JPMorgan Chase & Co. (JPM) a Buy Now?</a>&nbsp;&nbsp;<font color=""#6f6f6f"">Yahoo Finance</font>",https://news.google.com/rss/articles/CBMihAFBVV95cUxPQlc0d2NXN2ZjWG9PdkNtTldLcGtibEJzVnR2WG1FNlgtdEM5eUxWMEVZYU1LZy02akxhMTRGTjQ1NTFVTHBXQWZlOENjZ3VuX1cxNGJwU2NvejRsckFtenNyRmV5QmhhOTRlanZMSy1fVk1Na3NrQ2FRWWltR2dGck1yYko?oc=5,Google News,"Fri, 13 Jun 2025 13:00:02 GMT"
Middle East Tensions Challenge Renewed Investor Confidence - J.P. Morgan,"<a href=""https://news.google.com/rss/articles/CBMiwwFBVV95cUxPWnM2Y3JVMzQ3Z3RXTHVKVlJIblNkUlo1MDExZDFheGpsVFhZYnpjdDZ0SXRac01MV0QwSjZURWxFRHpVV1lWQjYzNVBqcjFoMGZJb0tZYVVfVlJLN1RfTXQ5VklNbE9mcWZuTHBrWnh1V2tHd0RfbFNGX3E3eTgtYTlJRTVCcnRPSEJZUmpoQm9qZVdnSVN3ZDYteE5XWnhMZDVZNExkaGdYZXM5MnozdFJJZVFBTEJBRVljYnN2QnFudEk?oc=5"" target=""_blank"">Middle East Tensions Challenge Renewed Investor Confidence</a>&nbsp;&nbsp;<font color=""#6f6f6f"">J.P. Morgan</font>",https://news.google.com/rss/articles/CBMiwwFBVV95cUxPWnM2Y3JVMzQ3Z3RXTHVKVlJIblNkUlo1MDExZDFheGpsVFhZYnpjdDZ0SXRac01MV0QwSjZURWxFRHpVV1lWQjYzNVBqcjFoMGZJb0tZYVVfVlJLN1RfTXQ5VklNbE9mcWZuTHBrWnh1V2tHd0RfbFNGX3E3eTgtYTlJRTVCcnRPSEJZUmpoQm9qZVdnSVN3ZDYteE5XWnhMZDVZNExkaGdYZXM5MnozdFJJZVFBTEJBRVljYnN2QnFudEk?oc=5,Google News,"Fri, 13 Jun 2025 17:12:59 GMT"
"Oracle, JPMorgan Lead Market Cap Stock Movers on Wednesday - Investing.com","<a href=""https://news.google.com/rss/articles/CBMiuwFBVV95cUxQNGMxX0hSaXdJaS13bElqOXo1SHpZbURlWkktakVnS0tWQjRSeEd6RmUyTU1HRktDUGdsQ3hXT1drbXlQSUVSTUY0dDE4T25iYW5fWVUxMmZmd3dBQl8wRTBUWlExN2JtNWJfeGpmdkFHaVVOc0xhUlp4QVh0N1pHSW92cW1RZWlhek5oVlcwdFk0dlNyWVBodmJTVEpaT1h5VlN4YVhwX3h3QzJrYW56aVFjREFyVExBTTBn?oc=5"" target=""_blank"">Oracle, JPMorgan Lead Market Cap Stock Movers on Wednesday</a>&nbsp;&nbsp;<font color=""#6f6f6f"">Investing.com</font>",https://news.google.com/rss/articles/CBMiuwFBVV95cUxQNGMxX0hSaXdJaS13bElqOXo1SHpZbURlWkktakVnS0tWQjRSeEd6RmUyTU1HRktDUGdsQ3hXT1drbXlQSUVSTUY0dDE4T25iYW5fWVUxMmZmd3dBQl8wRTBUWlExN2JtNWJfeGpmdkFHaVVOc0xhUlp4QVh0N1pHSW92cW1RZWlhek5oVlcwdFk0dlNyWVBodmJTVEpaT1h5VlN4YVhwX3h3QzJrYW56aVFjREFyVExBTTBn?oc=5,Google News,"Wed, 18 Jun 2025 14:33:02 GMT"
JPMorgan Chase (JPM) Stock Dips as The Bank Unveils ‘JPMD’ Token on Coinbase’s Base Blockchain - CoinCentral,"<a href=""https://news.google.com/rss/articles/CBMitAFBVV95cUxNZmNLOUNkZ2g5YkRTTmp6Y3FLSWJMQ29TOVY5LTFMeWR1OEpLdEp6V0tXcWw4dU5FWGJ4amdYeVB3ekl4eXVHZnl2V0I2LXF5ZExCdEFGSjJtQnhndlN5STJteEdjQjB1NGFKR1U2Yl9ibzRFelBxU1VYaTN3cjAzUVJxTGw1bmo4WmNvNE4zVnQ3TnNpM3BTcnJkTEpaWEsyNFRfaG9SSEJWY0l6STBHVWdYOHc?oc=5"" target=""_blank"">JPMorgan Chase (JPM) Stock Dips as The Bank Unveils ‘JPMD’ Token on Coinbase’s Base Blockchain</a>&nbsp;&nbsp;<font color=""#6f6f6f"">CoinCentral</font>",https://news.google.com/rss/articles/CBMitAFBVV95cUxNZmNLOUNkZ2g5YkRTTmp6Y3FLSWJMQ29TOVY5LTFMeWR1OEpLdEp6V0tXcWw4dU5FWGJ4amdYeVB3ekl4eXVHZnl2V0I2LXF5ZExCdEFGSjJtQnhndlN5STJteEdjQjB1NGFKR1U2Yl9ibzRFelBxU1VYaTN3cjAzUVJxTGw1bmo4WmNvNE4zVnQ3TnNpM3BTcnJkTEpaWEsyNFRfaG9SSEJWY0l6STBHVWdYOHc?oc=5,Google News,"Tue, 17 Jun 2025 22:41:07 GMT"
"JPMorgan, $4.4T Banking Giant, Announces Q2 2025 Earnings Date: Key Details for Investors - Stock Titan","<a href=""https://news.google.com/rss/articles/CBMiqgFBVV95cUxPV3g0c3p4TU1kVjBCZS1mQkxPTTFCVnJJTkh3ejRMS0J4N0FVZmJtUlRRQzRjY1FTQWRaLVVyV0FCamtvekFZM053UWV5TTFOMWpDdXVUdEZFT3BkbmlienNGRXU5U0d0ZWgzSGRlcHV5SXp6bVVZc3FPVHlGc1Nnb2phZDBQVGNqd2Z0UVl4QjhLZXBQMVg2WGZGcUxzdFlBekxwRk43Z09RZw?oc=5"" target=""_blank"">JPMorgan, $4.4T Banking Giant, Announces Q2 2025 Earnings Date: Key Details for Investors</a>&nbsp;&nbsp;<font color=""#6f6f6f"">Stock Titan</font>",https://news.google.com/rss/articles/CBMiqgFBVV95cUxPV3g0c3p4TU1kVjBCZS1mQkxPTTFCVnJJTkh3ejRMS0J4N0FVZmJtUlRRQzRjY1FTQWRaLVVyV0FCamtvekFZM053UWV5TTFOMWpDdXVUdEZFT3BkbmlienNGRXU5U0d0ZWgzSGRlcHV5SXp6bVVZc3FPVHlGc1Nnb2phZDBQVGNqd2Z0UVl4QjhLZXBQMVg2WGZGcUxzdFlBekxwRk43Z09RZw?oc=5,Google News,"Mon, 16 Jun 2025 20:27:00 GMT"
JPMorgan Chase & Co. (NYSE:JPM) Stock Price Up 2.1% Following Analyst Upgrade - MarketBeat,"<a href=""https://news.google.com/rss/articles/CBMiwAFBVV95cUxQSWp1WUhkYmRvUko2V3BkRUxnTENBQzdibi0wWkgxemNCRURUb0lUYXBMUDNoZ1E2SXJERWg3alIxcmpRbXpPc2J1WHRqbWI2a2xBMERQUTVVQXNYbHZrNmxfNGtTUXpYNzNieW9WZThQTFJfYXRXb0hva2drdk1JRXQxQnlfdVZHblJnNXBmSEgxNnp4RFBnT29qdEFiWXVQekllSVZGdHI2cXZUOTluZ0gwTVZaQmZHQTQ0bF9jVEg?oc=5"" target=""_blank"">JPMorgan Chase & Co. (NYSE:JPM) Stock Price Up 2.1% Following Analyst Upgrade</a>&nbsp;&nbsp;<font color=""#6f6f6f"">MarketBeat</font>",https://news.google.com/rss/articles/CBMiwAFBVV95cUxQSWp1WUhkYmRvUko2V3BkRUxnTENBQzdibi0wWkgxemNCRURUb0lUYXBMUDNoZ1E2SXJERWg3alIxcmpRbXpPc2J1WHRqbWI2a2xBMERQUTVVQXNYbHZrNmxfNGtTUXpYNzNieW9WZThQTFJfYXRXb0hva2drdk1JRXQxQnlfdVZHblJnNXBmSEgxNnp4RFBnT29qdEFiWXVQekllSVZGdHI2cXZUOTluZ0gwTVZaQmZHQTQ0bF9jVEg?oc=5,Google News,"Wed, 18 Jun 2025 15:43:27 GMT"
Guarantor: JPMorgan Chase & Co. - StreetInsider,"<a href=""https://news.google.com/rss/articles/CBMimgFBVV95cUxNZ3g3Y3lScjdUZ3J6WjNqSnE5SDYzdGZkM184OVpUZTZZRXUyTkpZa0FGRGR3SDQyeldqUkc2cTJfQldKUE41b1lTZlhRcFdpcEkwRmpQaTZWbVR0Qzd1c3JsYUFwb0tjMDc4MGZ1cDRrbzVNbG5kOGZ6MnByYmJSN29XR2ZpaTVrRldQbXQyaDdHcDJkeW9NR25R?oc=5"" target=""_blank"">Guarantor: JPMorgan Chase & Co.</a>&nbsp;&nbsp;<font color=""#6f6f6f"">StreetInsider</font>",https://news.google.com/rss/articles/CBMimgFBVV95cUxNZ3g3Y3lScjdUZ3J6WjNqSnE5SDYzdGZkM184OVpUZTZZRXUyTkpZa0FGRGR3SDQyeldqUkc2cTJfQldKUE41b1lTZlhRcFdpcEkwRmpQaTZWbVR0Qzd1c3JsYUFwb0tjMDc4MGZ1cDRrbzVNbG5kOGZ6MnByYmJSN29XR2ZpaTVrRldQbXQyaDdHcDJkeW9NR25R?oc=5,Google News,"Tue, 17 Jun 2025 20:50:15 GMT"
